PoczƒÖtek lata na Zanzibarze: tydzie≈Ñ w 4* hotelu z wy≈ºywieniem od 5560 PLN. Wyloty z 2 miast,https://www.fly4free.pl/wczasy-na-zanzibarze-od-5560-pln/
Tydzie≈Ñ w Meksyku za 3867 PLN. Loty do Cancun z Poznania + hotel,https://www.fly4free.pl/tydzien-w-meksyku-za-3867-pln/
Maj√≥wka w Wietnamie za 3804 PLN. Loty z du≈ºym baga≈ºem z Katowic + 5* hotel przy zatoce Ha Long,https://www.fly4free.pl/majowka-w-wietnamie-za-3804pln/
Urlop Zanzibarze: tydzie≈Ñ w 4* hotelu z all inclusive od 5929 PLN. Wyloty z 2 miast,https://www.fly4free.pl/tydzien-na-zanzibarze-za-2929pln/
Urlop Zanzibarze: tydzie≈Ñ w 4* hotelu z all inclusive od 5929 PLN. Wyloty z 2 miast,https://www.fly4free.pl/tydzien-na-zanzibarze-za-5929pln/
Dla cyfrowych nomad√≥w: 2 miesiƒÖce w Tajlandii za 6959 PLN. Loty z du≈ºym baga≈ºem z Katowic + noclegi w 4* hotelu,https://www.fly4free.pl/2-miesiace-w-tajlandii-za-6959-pln/
Objazdowa wycieczka po Meksyku z wy≈ºywieniem za 6999 PLN. Wylot z Gda≈Ñska,https://www.fly4free.pl/objazdowa-wycieczka-po-meksyku-za-6999-pln/
Urlop w Dominikanie za 4872 PLN. Bezpo≈õrednie loty z baga≈ºem z Poznania i 7 nocy w hotelu,https://www.fly4free.pl/urlop-w-dominikanie-za-4872-pln/
Meksyk: 5* hotel z all inclusive przy pla≈ºy za 4880 z≈Ç! Opcja samych lot√≥w za 1999 z≈Ç,"https://lastminuter.pl/okazje/99574,meksyk-5gwiazdki-hotel-z-all-inclusive-przy-plazy-za-4880-zl-opcja-samych-lotow-za-1999-zl"
"Wypoczynek na Karaibach: Kuba, 5* hotel z all inclusive od 5237 z≈Ç","https://lastminuter.pl/okazje/99700,wypoczynek-na-karaibach-kuba-5gwiazdki-hotel-z-all-inclusive-od-5237-zl"
"Jordania, ZEA, Oman i Gruzja w jednej podr√≥≈ºy z Warszawy za 865 z≈Ç. Loty","https://lastminuter.pl/okazje/99674,jordania-zea-oman-i-gruzja-w-jednej-podrozy-z-warszawy-za-865-zl-loty"
"Wypoczynek na Karaibach: Kuba, 5* hotel z all inclusive od 5237 PLN","https://lastminuter.pl/okazje/99700,wypoczynek-na-karaibach-kuba-5gwiazdki-hotel-z-all-inclusive-od-5237-zl"
13 nocy üåô w Tajlandii w czerwcu ü•∞ ze ≈õniadaniami! ‚òïÔ∏è Blisko pla≈ºy ‚òÄÔ∏è,https://www.wakacyjnipiraci.pl/pakiety/13-nocy-w-tajlandii-w-czerwcu-ze-sniadaniami-blisko-plazy
